,日期,债券代码,债券名称,买入价格,买入涨幅,买入时间,卖出价格,卖出涨幅,卖出时间,收益
0,20230403,113595,花王转债,131.064,0.032157,09:30:00,131.91,0.038819,09:30:15,0.6662
1,20230403,123031,晶瑞转债,491.0,0.030445,09:30:03,492.001,0.032546,09:31:03,0.2101
2,20230403,127070,大中转债,133.91,0.027738,09:30:06,133.117,0.021652,09:30:09,-0.6086
3,20230403,128137,洁美转债,138.5,0.025889,09:30:27,138.69,0.027296,09:30:51,0.1407
4,20230403,118007,山石转债,146.5,0.027373,09:30:28,145.881,0.023032,09:30:47,-0.4341
5,20230403,113582,火炬转债,198.8,0.026143,09:30:29,197.994,0.021982,09:30:50,-0.4161
6,20230403,127038,国微转债,153.755,0.025936,09:30:42,153.279,0.02276,09:31:36,-0.3176
7,20230403,110091,合力转债,151.027,0.025336,09:32:35,150.32,0.020536,09:32:41,-0.48
8,20230403,128106,华统转债,225.075,0.027271,09:32:54,224.742,0.025751,09:33:09,-0.152
9,20230403,113615,金诚转债,285.203,0.025963,09:34:23,284.01,0.021672,09:34:26,-0.4291
10,20230403,123131,奥飞转债,144.78,0.025019,09:35:36,144.999,0.026569,09:37:00,0.155
11,20230403,113646,永吉转债,148.898,0.025338,09:37:31,148.37,0.021702,09:38:28,-0.3636
12,20230403,113527,维格转债,123.71,0.026439,09:41:11,123.015,0.020673,09:41:25,-0.5766
13,20230403,113039,嘉泽转债,151.647,0.025173,09:44:39,151.288,0.022746,09:45:09,-0.2427
14,20230403,113648,巨星转债,136.599,0.025201,09:46:31,136.817,0.026837,09:48:33,0.1636
15,20230403,111010,立昂转债,139.721,0.025005,09:52:22,139.334,0.022166,09:53:43,-0.2839
16,20230403,128030,天康转债,253.297,0.025452,09:55:12,252.203,0.021023,09:55:18,-0.4429
17,20230403,123078,飞凯转债,159.77,0.02505,10:09:03,159.194,0.021355,10:10:15,-0.3695
18,20230403,113598,法兰转债,181.0,0.02752,10:11:41,180.919,0.027061,10:13:17,-0.0459
19,20230403,113621,彤程转债,153.586,0.025164,10:24:30,153.208,0.022641,10:26:27,-0.2523
20,20230403,123025,精测转债,158.639,0.02504,10:30:36,158.1,0.021557,10:32:09,-0.3483
21,20230403,123170,南电转债,138.88,0.025059,10:36:36,138.5,0.022254,10:36:48,-0.2805
22,20230403,113661,福22转债,133.1,0.025112,10:49:01,132.937,0.023856,11:04:33,-0.1256
23,20230403,123176,精测转2,137.387,0.025325,10:57:03,136.8,0.020944,11:02:09,-0.4381
24,20230403,113059,福莱转债,121.05,0.025368,10:59:47,120.15,0.017744,11:00:31,-0.7624
25,20230403,123177,测绘转债,148.8,0.025263,11:10:09,149.535,0.030327,11:12:15,0.5064
26,20230403,113619,世运转债,128.0,0.032258,11:18:53,127.45,0.027823,11:19:13,-0.4435
27,20230403,123164,法本转债,161.867,0.025163,11:20:06,161.332,0.021775,11:20:42,-0.3388
28,20230403,118021,新致转债,143.2,0.025334,11:26:17,142.752,0.022127,13:00:02,-0.3207
29,20230403,118023,广大转债,123.407,0.025124,13:05:37,125.4,0.041679,13:17:16,1.6555
30,20230403,128111,中矿转债,732.457,0.025045,13:06:12,740.037,0.035653,13:22:03,1.0608
31,20230403,118014,高测转债,128.6,0.027844,13:19:22,127.19,0.016575,13:19:25,-1.1269
32,20230403,123157,科蓝转债,132.734,0.025012,13:44:48,133.242,0.028935,14:42:39,0.3923
33,20230403,128122,兴森转债,141.371,0.02508,13:57:15,142.877,0.036,14:08:27,1.092
34,20230403,127064,杭氧转债,153.09,0.025667,14:15:30,152.777,0.02357,14:23:18,-0.2097
35,20230403,118009,华锐转债,147.466,0.025418,14:35:07,146.883,0.021365,14:46:31,-0.4053
36,20230403,128131,崇达转2,116.66,0.025547,14:42:18,116.2,0.021503,14:45:33,-0.4044
37,20230403,123180,浙矿转债,143.45,0.025113,14:48:24,143.4,0.024756,14:53:00,-0.0357
38,20230403,118027,宏图转债,141.1,0.026204,14:53:59,141.192,0.026873,00:00:00,0.0669
39,20230403,128134,鸿路转债,133.135,0.02574,14:54:39,133.731,0.030332,14:55:42,0.4592
40,20230404,110052,贵广转债,163.844,0.029933,09:30:00,167.0,0.049772,09:31:06,1.9839
41,20230404,113595,花王转债,143.2,0.03648,09:30:02,142.607,0.032187,09:30:08,-0.4293
42,20230404,123050,聚飞转债,137.5,0.065902,09:30:03,137.68,0.067297,09:30:15,0.1395
43,20230404,123015,蓝盾转债,217.8,0.025865,09:30:21,220.206,0.037198,09:31:09,1.1333
44,20230404,123135,泰林转债,154.224,0.02535,09:30:36,154.499,0.027178,09:31:09,0.1828
45,20230404,127064,杭氧转债,159.683,0.028336,09:31:12,163.131,0.050541,09:31:45,2.2205
46,20230404,127014,北方转债,215.523,0.025406,09:39:27,216.181,0.028537,09:41:09,0.3131
47,20230404,128114,正邦转债,94.952,0.025081,09:40:39,94.941,0.024962,09:43:03,-0.0119
48,20230404,113648,巨星转债,143.232,0.025045,09:48:54,142.83,0.022168,09:51:03,-0.2877
49,20230404,127079,华亚转债,154.98,0.025553,10:13:03,154.522,0.022522,10:13:18,-0.3031
50,20230404,127029,中钢转债,152.845,0.02528,10:15:06,152.25,0.021289,10:20:18,-0.3991
51,20230404,123170,南电转债,142.69,0.02554,10:23:36,142.68,0.025468,10:25:15,-0.0072
52,20230404,113621,彤程转债,156.099,0.025246,10:31:51,155.87,0.023742,10:33:54,-0.1504
53,20230404,123025,精测转债,165.616,0.025698,10:35:06,164.811,0.020713,10:36:12,-0.4985
54,20230404,118007,山石转债,148.505,0.025573,11:21:01,148.04,0.022362,11:21:34,-0.3211
55,20230404,113594,淳中转债,138.266,0.025087,13:28:23,138.359,0.025777,13:31:52,0.069
56,20230404,118021,新致转债,149.875,0.025388,14:23:10,149.979,0.026099,14:26:04,0.0711
57,20230406,110068,龙净转债,188.5,0.04549,09:30:02,187.635,0.040693,09:30:05,-0.4797
58,20230406,123015,蓝盾转债,230.666,0.034286,09:30:03,234.572,0.051801,09:31:06,1.7515
59,20230406,128033,迪龙转债,131.681,0.034452,09:30:03,131.094,0.029841,09:30:15,-0.4611
60,20230406,123177,测绘转债,171.59,0.02779,09:30:09,173.526,0.039386,09:30:24,1.1596
61,20230406,128106,华统转债,246.35,0.02642,09:30:24,248.814,0.036686,09:30:54,1.0266
62,20230406,113648,巨星转债,145.342,0.026937,09:30:57,144.924,0.023984,09:31:09,-0.2953
63,20230406,123050,聚飞转债,139.835,0.025876,09:31:54,139.098,0.020469,09:32:06,-0.5407
64,20230406,128025,特一转债,208.421,0.025046,09:37:03,209.964,0.032635,09:38:15,0.7589
65,20230406,128049,华源转债,132.023,0.027048,09:41:36,131.78,0.025157,09:41:57,-0.1891
66,20230406,123131,奥飞转债,150.491,0.025131,09:43:36,150.97,0.028394,09:44:12,0.3263
67,20230406,123135,泰林转债,158.775,0.025977,09:49:15,159.802,0.032614,09:51:03,0.6637
68,20230406,127038,国微转债,158.3,0.025003,09:49:54,157.638,0.020716,09:51:24,-0.4287
69,20230406,128134,鸿路转债,134.64,0.025445,09:51:24,134.1,0.021332,09:54:36,-0.4113
70,20230406,123078,飞凯转债,166.725,0.025309,10:00:06,168.364,0.035389,10:02:12,1.008
71,20230406,128122,兴森转债,144.2,0.025927,10:04:15,144.36,0.027065,10:05:18,0.1138
72,20230406,113621,彤程转债,159.352,0.025254,10:04:30,159.574,0.026683,10:08:39,0.1429
73,20230406,111010,立昂转债,141.88,0.025138,10:06:39,141.752,0.024214,10:09:12,-0.0924
74,20230406,123025,精测转债,166.6,0.025222,10:09:57,166.059,0.021893,10:10:24,-0.3329
75,20230406,118003,华兴转债,146.97,0.025752,10:11:06,147.176,0.02719,10:12:21,0.1438
76,20230406,128091,新天转债,196.746,0.025031,10:15:06,199.374,0.038722,10:17:09,1.3691
77,20230406,123104,卫宁转债,127.563,0.025585,10:47:48,127.039,0.021373,10:47:57,-0.4212
78,20230406,123170,南电转债,144.039,0.025161,10:53:15,143.608,0.022093,10:54:21,-0.3068
79,20230406,123022,长信转债,154.778,0.025728,10:59:21,159.034,0.053933,11:02:48,2.8205
80,20230406,123176,精测转2,142.8,0.02524,11:04:39,142.082,0.020085,11:08:15,-0.5155
81,20230406,118030,睿创转债,153.375,0.025211,11:05:57,153.0,0.022704,11:06:31,-0.2507
82,20230406,127064,杭氧转债,173.88,0.02528,11:20:00,174.827,0.030864,11:20:27,0.5584
83,20230406,113639,华正转债,127.129,0.025139,13:00:12,126.9,0.023292,13:12:11,-0.1847
84,20230406,118011,银微转债,128.222,0.025161,13:00:35,127.7,0.020987,13:05:59,-0.4174
85,20230406,118021,新致转债,154.017,0.025321,13:03:10,153.332,0.020761,13:04:36,-0.456
86,20230406,123152,润禾转债,141.055,0.025884,13:16:21,140.682,0.023171,13:17:12,-0.2713
87,20230406,123118,惠城转债,224.034,0.025285,13:25:33,224.25,0.026274,13:26:00,0.0989
88,20230406,123124,晶瑞转2,125.26,0.025406,13:30:03,125.325,0.025939,13:38:21,0.0533
89,20230406,123031,晶瑞转债,489.261,0.025405,13:30:18,488.891,0.02463,13:32:48,-0.0775
90,20230406,123098,一品转债,192.0,0.02569,13:54:24,191.714,0.024162,13:55:24,-0.1528
91,20230406,113666,爱玛转债,142.899,0.025048,14:02:12,142.541,0.02248,14:04:15,-0.2568
92,20230406,123120,隆华转债,132.948,0.025243,14:17:09,132.611,0.022644,14:23:09,-0.2599
93,20230406,110044,广电转债,219.499,0.030406,14:20:17,225.07,0.056558,14:20:35,2.6152
94,20230406,128041,盛路转债,366.836,0.025782,14:49:06,365.221,0.021266,14:49:12,-0.4516
95,20230406,123167,商络转债,134.8,0.02512,14:53:24,134.865,0.025614,00:00:00,0.0494
96,20230407,118030,睿创转债,187.369,0.199987,09:30:01,161.325,0.033191,09:30:04,-16.6796
97,20230407,127052,西子转债,121.8,0.03073,09:30:03,125.206,0.059553,09:30:30,2.8823
98,20230407,123015,蓝盾转债,235.115,0.036251,09:30:03,233.99,0.031293,09:30:09,-0.4958
99,20230407,127058,科伦转债,172.818,0.025036,09:31:06,176.55,0.047172,09:32:18,2.2136
100,20230407,123025,精测转债,178.583,0.025306,09:31:15,177.61,0.01972,09:31:21,-0.5586
101,20230407,118012,微芯转债,139.5,0.026594,09:32:13,141.14,0.038663,09:32:49,1.2069
102,20230407,127069,小熊转债,149.517,0.025654,09:32:39,149.499,0.02553,09:32:51,-0.0124
103,20230407,123112,万讯转债,141.391,0.027043,09:33:18,140.961,0.02392,09:34:18,-0.3123
104,20230407,123136,城市转债,132.644,0.025813,09:36:39,132.176,0.022194,09:37:45,-0.3619
105,20230407,123098,一品转债,194.905,0.025816,09:38:06,195.384,0.028337,09:38:27,0.2521
106,20230407,127079,华亚转债,156.961,0.025867,09:42:33,156.268,0.021338,09:43:33,-0.4529
107,20230407,127074,麦米转2,126.497,0.025812,09:48:18,126.898,0.029063,09:49:15,0.3251
108,20230407,111000,起帆转债,144.7,0.025041,09:53:23,145.209,0.028647,09:58:08,0.3606
109,20230407,113625,江山转债,125.0,0.025667,09:53:51,124.975,0.025462,09:55:09,-0.0205
110,20230407,118009,华锐转债,149.01,0.025095,09:54:37,148.912,0.024421,09:55:31,-0.0674
111,20230407,111007,永和转债,174.5,0.025033,09:56:10,174.885,0.027295,09:58:10,0.2262
112,20230407,118027,宏图转债,146.888,0.025005,10:08:01,146.752,0.024055,10:10:22,-0.095
113,20230407,127066,科利转债,123.555,0.025553,10:23:03,123.056,0.021411,10:25:03,-0.4142
114,20230407,123119,康泰转2,128.33,0.025036,10:30:15,127.848,0.021186,10:37:09,-0.385
115,20230407,113598,法兰转债,179.3,0.025527,10:31:46,178.84,0.022896,10:32:09,-0.2631
116,20230407,128137,洁美转债,142.752,0.025188,10:48:03,142.179,0.021073,10:49:15,-0.4115
117,20230407,123014,凯发转债,143.058,0.025186,10:51:27,143.38,0.027493,10:53:15,0.2307
118,20230407,123164,法本转债,167.555,0.025156,10:54:51,166.754,0.020255,10:55:54,-0.4901
119,20230407,128140,润建转债,198.733,0.026054,11:02:39,198.067,0.022616,11:04:51,-0.3438
120,20230407,123118,惠城转债,235.789,0.02541,11:07:24,234.883,0.02147,11:08:30,-0.394
121,20230407,127037,银轮转债,155.65,0.0255,11:22:09,155.005,0.021251,11:26:09,-0.4249
122,20230407,123156,博汇转债,139.58,0.025175,13:22:24,139.51,0.024661,13:26:15,-0.0514
123,20230407,110091,合力转债,157.911,0.026277,13:26:17,158.354,0.029156,13:27:00,0.2879
124,20230407,123054,思特转债,149.242,0.025028,13:28:09,149.003,0.023386,13:41:30,-0.1642
125,20230407,113660,寿22转债,159.5,0.026092,13:34:33,158.863,0.021994,13:36:10,-0.4098
126,20230407,128049,华源转债,133.97,0.025133,13:47:27,135.1,0.03378,14:00:57,0.8647
127,20230407,113588,润达转债,138.413,0.025164,13:48:55,139.336,0.032,14:09:37,0.6836
128,20230407,110068,龙净转债,184.126,0.025354,13:52:19,183.734,0.023171,14:01:31,-0.2183
129,20230407,113664,大元转债,142.6,0.025226,13:59:58,143.011,0.02818,14:06:34,0.2954
130,20230407,127065,瑞鹄转债,170.432,0.026556,14:12:03,170.2,0.025158,14:12:24,-0.1398
131,20230407,127038,国微转债,164.932,0.025765,14:19:09,165.271,0.027873,14:21:48,0.2108
132,20230407,110058,永鼎转债,130.49,0.025281,14:26:50,130.691,0.02686,14:28:02,0.1579
133,20230407,113666,爱玛转债,145.855,0.025312,14:33:20,145.331,0.021628,14:37:33,-0.3684
134,20230407,123158,宙邦转债,144.438,0.025429,14:52:33,143.8,0.0209,14:56:15,-0.4529
135,20230410,113666,爱玛转债,152.929,0.051422,09:30:02,152.321,0.047242,09:30:05,-0.418
136,20230410,113616,韦尔转债,120.11,0.03516,09:30:02,118.997,0.025568,09:30:05,-0.9592
137,20230410,110061,川投转债,157.841,0.025054,09:30:10,157.992,0.026035,09:30:34,0.0981
138,20230410,123122,富瀚转债,130.341,0.026414,09:30:33,129.578,0.020406,09:31:24,-0.6008
139,20230410,113588,润达转债,143.162,0.025312,09:30:36,142.499,0.020564,09:30:45,-0.4748
140,20230410,123025,精测转债,183.504,0.025157,09:31:27,183.32,0.024129,09:32:00,-0.1028
141,20230410,123158,宙邦转债,147.421,0.025149,09:31:33,146.82,0.02097,09:32:18,-0.4179
142,20230410,118027,宏图转债,148.958,0.025067,09:31:39,151.056,0.039505,09:32:46,1.4438
143,20230410,123067,斯莱转债,177.423,0.027588,09:32:33,176.657,0.023151,09:32:39,-0.4437
144,20230410,127029,中钢转债,161.885,0.026507,09:33:54,162.799,0.032303,09:35:24,0.5796
145,20230410,118009,华锐转债,151.696,0.026976,09:34:09,150.735,0.02047,09:34:15,-0.6506
146,20230410,123112,万讯转债,142.807,0.025028,09:39:30,143.146,0.027461,09:41:12,0.2433
147,20230410,128132,交建转债,123.018,0.02515,09:40:51,122.622,0.02185,09:41:21,-0.33
148,20230410,111007,永和转债,180.332,0.026442,09:42:18,180.831,0.029282,09:44:24,0.284
149,20230410,127052,西子转债,125.763,0.025751,09:44:18,125.267,0.021706,09:45:36,-0.4045
150,20230410,127058,科伦转债,182.077,0.025874,09:45:42,181.623,0.023316,09:47:21,-0.2558
151,20230410,110074,精达转债,138.278,0.02507,09:48:46,139.312,0.032735,09:49:55,0.7665
152,20230410,110058,永鼎转债,133.749,0.025116,09:59:05,134.01,0.027117,10:01:31,0.2001
153,20230410,113039,嘉泽转债,160.6,0.025117,10:03:40,161.89,0.033351,10:05:40,0.8234
154,20230410,113582,火炬转债,202.2,0.025049,10:10:24,202.11,0.024592,10:19:33,-0.0457
155,20230410,118028,会通转债,132.642,0.025731,10:14:34,132.642,0.025731,10:30:48,0.0
156,20230410,123050,聚飞转债,139.526,0.025213,10:16:48,138.975,0.021164,10:18:33,-0.4049
157,20230410,128095,恩捷转债,213.931,0.025526,10:18:06,213.358,0.022779,10:22:21,-0.2747
158,20230410,128017,金禾转债,155.6,0.025034,10:48:57,155.1,0.02174,10:52:45,-0.3294
159,20230410,113534,鼎胜转债,285.657,0.025132,13:28:42,286.385,0.027744,13:36:53,0.2612
160,20230410,123140,天地转债,147.121,0.02524,14:02:24,146.5,0.020913,14:03:09,-0.4327
161,20230411,113561,正裕转债,130.501,0.030579,09:30:01,128.883,0.017801,09:30:07,-1.2778
162,20230411,123056,雪榕转债,114.0,0.028842,09:30:03,113.49,0.02424,09:30:09,-0.4602
163,20230411,123015,蓝盾转债,219.99,0.03609,09:30:03,222.001,0.045561,09:31:00,0.9471
164,20230411,128095,恩捷转债,228.709,0.025585,09:30:18,230.122,0.031921,09:30:24,0.6336
165,20230411,113598,法兰转债,181.0,0.025539,09:36:02,181.763,0.029862,09:36:59,0.4323
166,20230411,127069,小熊转债,148.802,0.025402,09:55:33,148.3,0.021943,09:56:09,-0.3459
167,20230411,128074,游族转债,125.015,0.025285,10:22:48,124.563,0.021578,10:24:00,-0.3707
168,20230411,123177,测绘转债,150.611,0.026676,10:32:06,150.167,0.023649,10:33:21,-0.3027
169,20230411,113643,风语转债,135.5,0.02522,10:33:01,134.941,0.02099,10:33:16,-0.423
170,20230411,113663,新化转债,135.444,0.02584,10:37:59,134.97,0.02225,10:38:33,-0.359
171,20230411,123050,聚飞转债,141.482,0.025263,10:43:30,141.16,0.022929,10:44:48,-0.2334
172,20230411,113615,金诚转债,281.889,0.025095,11:16:06,280.905,0.021516,11:16:20,-0.3579
173,20230411,123014,凯发转债,157.561,0.026461,11:23:15,157.254,0.024461,11:23:36,-0.2
174,20230411,128111,中矿转债,652.049,0.025257,13:02:12,654.422,0.028988,13:04:03,0.3731
175,20230411,110052,贵广转债,166.812,0.025574,13:37:30,167.796,0.031623,13:38:06,0.6049
176,20230411,113664,大元转债,144.0,0.026231,13:41:30,143.915,0.025626,13:42:11,-0.0605
177,20230411,113027,华钰转债,168.999,0.02504,13:44:55,170.0,0.031111,13:48:40,0.6071
178,20230411,113516,苏农转债,115.119,0.027812,14:48:27,114.237,0.019937,14:48:30,-0.7875
179,20230411,123172,漱玉转债,135.562,0.025132,14:52:09,135.001,0.02089,14:52:21,-0.4242
180,20230412,123112,万讯转债,146.0,0.040661,09:30:03,145.245,0.035279,09:30:12,-0.5382
181,20230412,128140,润建转债,200.475,0.026995,09:30:03,200.802,0.02867,09:30:21,0.1675
182,20230412,118003,华兴转债,145.941,0.027238,09:30:07,145.675,0.025366,09:30:22,-0.1872
183,20230412,123140,天地转债,148.713,0.028398,09:30:18,149.963,0.037042,09:30:45,0.8644
184,20230412,123025,精测转债,189.55,0.025707,09:30:30,189.776,0.02693,09:31:03,0.1223
185,20230412,128074,游族转债,126.296,0.025103,09:31:09,125.732,0.020525,09:32:09,-0.4578
186,20230412,127020,中金转债,129.952,0.028264,09:34:09,129.22,0.022472,09:34:12,-0.5792
187,20230412,113025,明泰转债,246.799,0.026942,09:44:49,246.622,0.026205,09:48:22,-0.0737
188,20230412,113615,金诚转债,289.3,0.025616,09:46:23,289.312,0.025658,09:47:02,0.0042
189,20230412,123176,精测转2,144.74,0.025102,09:52:57,144.283,0.021865,09:53:42,-0.3237
190,20230412,118030,睿创转债,160.9,0.02523,09:54:19,161.348,0.028084,09:55:11,0.2854
191,20230412,123059,银信转债,133.198,0.025937,09:54:51,133.184,0.025829,09:57:09,-0.0108
192,20230412,123050,聚飞转债,143.0,0.025079,09:59:36,143.2,0.026512,10:01:15,0.1433
193,20230412,110062,烽火转债,123.699,0.025111,10:02:32,123.213,0.021084,10:02:53,-0.4027
194,20230412,127029,中钢转债,167.975,0.025538,10:05:24,167.305,0.021447,10:05:39,-0.4091
195,20230412,110060,天路转债,127.053,0.025239,10:27:57,126.635,0.021866,10:28:47,-0.3373
196,20230412,113569,科达转债,115.299,0.026322,10:32:57,114.499,0.019201,10:33:03,-0.7121
197,20230412,123164,法本转债,162.29,0.025198,10:38:12,162.915,0.029146,10:46:27,0.3948
198,20230412,123131,奥飞转债,148.69,0.025441,11:05:15,149.226,0.029138,11:13:27,0.3697
199,20230412,113646,永吉转债,150.139,0.025467,11:06:39,150.065,0.024962,11:17:36,-0.0505
200,20230412,123173,恒锋转债,170.4,0.025561,11:19:06,171.66,0.033144,11:23:06,0.7583
201,20230412,118021,新致转债,145.249,0.025359,11:20:46,145.205,0.025048,11:27:07,-0.0311
202,20230412,113597,佳力转债,139.98,0.026359,13:17:54,141.5,0.037504,13:19:45,1.1145
203,20230412,123046,天铁转债,353.5,0.025498,14:08:18,356.858,0.035239,14:22:15,0.9741
204,20230412,113643,风语转债,136.804,0.025044,14:32:01,136.41,0.022091,14:55:00,-0.2953
205,20230412,110074,精达转债,143.657,0.025022,14:46:22,143.932,0.026984,14:54:15,0.1962
206,20230413,110060,天路转债,136.705,0.049693,09:30:02,135.14,0.037676,09:30:11,-1.2017
207,20230413,123181,亚康转债,202.0,0.070154,09:30:03,201.008,0.064898,09:30:09,-0.5256
208,20230413,123015,蓝盾转债,215.62,0.030628,09:30:03,215.24,0.028811,09:30:18,-0.1817
209,20230413,123071,天能转债,136.94,0.025387,09:30:42,136.31,0.02067,09:30:57,-0.4717
210,20230413,113039,嘉泽转债,166.447,0.025292,09:32:56,165.949,0.022224,09:33:26,-0.3068
211,20230413,123168,惠云转债,134.76,0.025243,09:33:21,134.892,0.026247,09:34:00,0.1004
212,20230413,110074,精达转债,148.45,0.026581,09:33:35,148.799,0.028995,09:35:08,0.2414
213,20230413,113578,全筑转债,95.595,0.026311,09:33:43,96.866,0.039957,09:35:53,1.3646
214,20230413,128100,搜特转债,77.019,0.026486,09:37:09,76.716,0.022448,09:37:39,-0.4038
215,20230413,127014,北方转债,228.757,0.025275,09:37:21,227.77,0.020851,09:38:03,-0.4424
216,20230413,123138,丝路转债,143.926,0.025137,09:53:57,143.4,0.021391,09:54:33,-0.3746
217,20230413,123176,精测转2,156.304,0.027694,10:04:03,155.826,0.024551,10:05:27,-0.3143
218,20230413,123018,溢利转债,268.294,0.025211,10:27:18,267.5,0.022177,10:28:09,-0.3034
219,20230413,123136,城市转债,131.96,0.025325,13:28:21,131.928,0.025077,13:30:18,-0.0248
220,20230413,123046,天铁转债,367.809,0.025984,13:49:51,367.5,0.025122,13:56:09,-0.0862
221,20230413,123013,横河转债,494.806,0.02569,14:32:09,495.222,0.026552,14:34:12,0.0862
222,20230413,113660,寿22转债,158.616,0.026027,14:47:13,158.023,0.022191,14:47:58,-0.3836
223,20230414,113027,华钰转债,172.404,0.025285,09:30:02,173.055,0.029157,09:30:26,0.3872
224,20230414,127058,科伦转债,192.5,0.054752,09:30:03,194.034,0.063157,09:30:36,0.8405
225,20230414,127037,银轮转债,156.3,0.029587,09:30:06,156.1,0.028269,09:30:21,-0.1318
226,20230414,110060,天路转债,160.347,0.026067,09:30:08,161.52,0.033573,09:30:17,0.7506
227,20230414,123025,精测转债,208.5,0.025534,09:30:21,208.196,0.024039,09:30:51,-0.1495
228,20230414,123098,一品转债,197.023,0.027878,09:31:18,197.997,0.032959,09:32:15,0.5081
229,20230414,128140,润建转债,200.238,0.025717,09:31:33,199.853,0.023745,09:33:00,-0.1972
230,20230414,123136,城市转债,138.647,0.02552,09:32:54,140.486,0.039122,09:35:36,1.3602
231,20230414,123176,精测转2,157.839,0.028922,09:33:54,157.019,0.023576,09:34:12,-0.5346
232,20230414,123164,法本转债,163.361,0.028884,09:34:09,163.247,0.028166,09:36:06,-0.0718
233,20230414,113626,伯特转债,207.24,0.025123,09:34:33,206.371,0.020824,09:35:00,-0.4299
234,20230414,113615,金诚转债,296.206,0.026131,09:34:52,295.388,0.023298,09:35:06,-0.2833
235,20230414,123118,惠城转债,234.524,0.025864,09:35:36,233.799,0.022692,09:36:24,-0.3172
236,20230414,127079,华亚转债,145.397,0.025628,09:36:00,145.534,0.026595,09:36:21,0.0967
237,20230414,118007,山石转债,147.31,0.025612,09:36:48,146.628,0.020864,09:37:18,-0.4748
238,20230414,127065,瑞鹄转债,157.0,0.025135,09:40:27,157.013,0.02522,09:42:45,0.0085
239,20230414,123015,蓝盾转债,233.534,0.02832,09:41:00,235.0,0.034775,09:41:27,0.6455
240,20230414,127064,杭氧转债,162.46,0.025436,09:45:09,161.696,0.020614,09:46:21,-0.4822
241,20230414,128111,中矿转债,517.326,0.026371,09:53:48,518.507,0.028714,09:57:21,0.2343
242,20230414,110068,龙净转债,179.809,0.025336,09:59:17,179.489,0.023511,10:00:38,-0.1825
243,20230414,127029,中钢转债,165.654,0.025057,09:59:18,165.004,0.021035,10:00:09,-0.4022
244,20230414,110091,合力转债,156.872,0.02595,09:59:29,156.217,0.021666,10:00:19,-0.4284
245,20230414,113016,小康转债,293.839,0.025964,10:00:09,296.79,0.036268,10:01:36,1.0304
246,20230414,113049,长汽转债,118.34,0.025152,10:03:45,117.9,0.02134,10:06:33,-0.3812
247,20230414,113598,法兰转债,180.28,0.025423,10:06:15,179.492,0.02094,10:06:48,-0.4483
248,20230414,113537,文灿转债,278.888,0.026277,10:06:20,277.74,0.022053,10:06:40,-0.4224
249,20230414,128095,恩捷转债,218.362,0.025137,10:11:21,217.913,0.023029,10:14:54,-0.2108
250,20230414,113634,珀莱转债,149.95,0.025275,10:24:15,149.4,0.021515,10:37:37,-0.376
251,20230414,110090,爱迪转债,140.343,0.025499,10:34:47,140.111,0.023804,10:37:35,-0.1695
252,20230414,123031,晶瑞转债,439.11,0.025998,10:38:54,437.574,0.022409,10:39:42,-0.3589
253,20230414,127014,北方转债,232.707,0.025133,10:49:09,233.901,0.030393,10:50:09,0.526
254,20230414,123052,飞鹿转债,142.999,0.025125,10:49:15,143.83,0.031083,10:59:27,0.5958
255,20230414,113534,鼎胜转债,277.22,0.02563,11:02:09,276.51,0.023003,11:07:02,-0.2627
256,20230414,123078,飞凯转债,165.5,0.026009,11:03:54,164.813,0.02175,11:08:48,-0.4259
257,20230414,127070,大中转债,138.876,0.025385,11:06:39,138.272,0.020926,11:14:30,-0.4459
258,20230414,127053,豪美转债,122.2,0.025128,11:07:09,122.034,0.023735,13:00:06,-0.1393
259,20230414,111010,立昂转债,142.5,0.025223,11:13:53,142.861,0.027821,11:22:23,0.2598
260,20230414,113621,彤程转债,157.984,0.025308,11:15:44,160.278,0.040196,11:25:08,1.4888
261,20230414,123170,南电转债,143.5,0.025736,13:05:39,143.343,0.024614,13:07:09,-0.1122
262,20230414,128122,兴森转债,143.34,0.025052,13:08:12,143.112,0.023422,13:11:21,-0.163
263,20230414,127038,国微转债,158.18,0.025138,13:10:15,157.953,0.023666,13:12:12,-0.1472
264,20230414,113047,旗滨转债,128.985,0.025247,13:20:24,128.935,0.024849,13:30:00,-0.0398
265,20230414,123124,晶瑞转2,123.76,0.025343,13:24:09,123.863,0.026196,13:32:39,0.0853
266,20230414,113061,拓普转债,129.15,0.025081,13:29:52,128.987,0.023788,13:44:22,-0.1293
267,20230414,123046,天铁转债,385.468,0.028805,13:34:00,383.384,0.023242,13:34:03,-0.5563
268,20230414,118030,睿创转债,160.0,0.02625,13:40:18,159.312,0.021837,13:41:50,-0.4413
269,20230414,113639,华正转债,127.846,0.025274,13:47:08,127.578,0.023125,13:59:14,-0.2149
270,20230414,118017,深科转债,133.3,0.025539,13:55:48,132.85,0.022077,14:05:14,-0.3462
271,20230414,127080,声迅转债,155.232,0.025578,14:05:21,154.6,0.021403,14:05:39,-0.4175
272,20230414,118024,冠宇转债,122.868,0.025197,14:19:04,123.0,0.026298,14:26:38,0.1101
273,20230414,113025,明泰转债,246.0,0.025717,14:29:55,245.5,0.023632,14:38:14,-0.2085
274,20230414,123109,昌红转债,123.628,0.025078,14:39:21,123.708,0.025741,14:40:09,0.0663
275,20230414,113594,淳中转债,136.783,0.025318,14:48:52,136.063,0.019921,14:56:15,-0.5397
276,20230414,118015,芯海转债,127.474,0.025039,14:54:34,127.518,0.025393,00:00:00,0.0354
277,20230414,128132,交建转债,128.28,0.0262,15:00:03,128.28,0.0262,00:00:00,0.0
278,20230417,123164,法本转债,179.98,0.065001,09:30:03,181.716,0.075274,09:30:30,1.0273
279,20230417,127069,小熊转债,153.0,0.055125,09:30:03,155.253,0.070662,09:30:33,1.5537
280,20230417,110060,天路转债,151.089,0.026498,09:30:07,150.35,0.021477,09:30:16,-0.5021
281,20230417,127079,华亚转债,163.98,0.029423,09:30:21,161.805,0.015769,09:30:24,-1.3654
282,20230417,127036,三花转债,144.56,0.032601,09:30:21,143.969,0.028379,09:30:27,-0.4222
283,20230417,127014,北方转债,238.224,0.025934,09:30:33,239.711,0.032338,09:31:03,0.6404
284,20230417,123118,惠城转债,233.836,0.025658,09:30:45,233.057,0.022242,09:31:03,-0.3416
285,20230417,113047,旗滨转债,132.48,0.02541,09:31:07,132.589,0.026254,09:32:04,0.0844
286,20230417,127065,瑞鹄转债,159.812,0.025776,09:31:12,158.984,0.020461,09:31:21,-0.5315
287,20230417,113537,文灿转债,282.797,0.026109,09:31:19,282.19,0.023907,09:32:49,-0.2202
288,20230417,128111,中矿转债,544.808,0.025999,09:31:42,545.032,0.02642,09:32:12,0.0421
289,20230417,123015,蓝盾转债,224.221,0.027623,09:32:30,222.98,0.021935,09:33:00,-0.5688
290,20230417,127029,中钢转债,175.106,0.025241,09:35:00,174.507,0.021734,09:35:15,-0.3507
291,20230417,113646,永吉转债,153.0,0.025405,09:35:01,154.585,0.036027,09:36:22,1.0622
292,20230417,128106,华统转债,230.6,0.025389,09:36:54,230.149,0.023384,09:37:36,-0.2005
293,20230417,110057,现代转债,139.83,0.025328,09:44:24,139.485,0.022798,09:45:24,-0.253
294,20230417,113534,鼎胜转债,278.67,0.025352,09:48:36,277.65,0.021599,09:51:36,-0.3753
295,20230417,113016,小康转债,298.17,0.025162,09:50:20,298.5,0.026297,09:50:53,0.1135
296,20230417,113626,伯特转债,215.3,0.025214,09:50:41,214.8,0.022833,09:51:32,-0.2381
297,20230417,113615,金诚转债,301.33,0.026338,09:53:51,302.3,0.029641,09:55:19,0.3303
298,20230417,113664,大元转债,151.516,0.02667,09:56:24,155.26,0.052039,09:57:57,2.5369
299,20230417,127058,科伦转债,191.033,0.025143,09:58:24,190.251,0.020947,10:00:15,-0.4196
300,20230417,110055,伊力转债,199.71,0.025268,09:58:39,199.66,0.025012,10:01:13,-0.0256
301,20230417,128140,润建转债,204.3,0.025583,10:12:21,204.457,0.026371,10:15:42,0.0788
302,20230417,123098,一品转债,203.295,0.025442,10:18:12,202.469,0.021276,10:18:27,-0.4166
303,20230417,123035,利德转债,133.452,0.02575,10:44:15,133.204,0.023844,10:44:51,-0.1906
304,20230417,127077,华宏转债,133.867,0.02501,10:55:12,134.127,0.027001,10:55:54,0.1991
305,20230417,118032,建龙转债,125.98,0.025484,13:02:56,125.735,0.023489,13:05:44,-0.1995
306,20230417,123046,天铁转债,406.549,0.026132,13:15:18,404.585,0.021175,13:16:12,-0.4957
307,20230417,123136,城市转债,139.134,0.025532,13:34:33,138.544,0.021184,13:35:09,-0.4348
308,20230417,123179,立高转债,135.168,0.025257,13:55:36,134.61,0.021025,14:00:54,-0.4232
309,20230417,123180,浙矿转债,138.199,0.025274,14:03:21,138.001,0.023805,14:04:09,-0.1469
310,20230417,123156,博汇转债,143.979,0.025414,14:08:09,143.6,0.022715,14:08:33,-0.2699
311,20230417,110074,精达转债,148.761,0.025502,14:18:55,148.18,0.021497,14:24:04,-0.4005
312,20230417,127056,中特转债,114.373,0.025392,14:38:42,114.19,0.023752,14:40:57,-0.164
313,20230417,110061,川投转债,164.845,0.025666,14:43:42,165.0,0.026631,00:00:00,0.0965
314,20230417,110068,龙净转债,180.09,0.025386,14:53:59,179.843,0.02398,14:54:17,-0.1406
315,20230418,123156,博汇转债,149.0,0.034958,09:30:03,150.72,0.046905,09:30:21,1.1947
316,20230418,128111,中矿转债,543.68,0.025645,09:30:45,541.072,0.020725,09:31:12,-0.492
317,20230418,123025,精测转债,221.508,0.025548,09:30:48,219.65,0.016945,09:31:03,-0.8603
318,20230418,127069,小熊转债,158.059,0.025036,09:31:36,160.262,0.039323,09:32:18,1.4287
319,20230418,123164,法本转债,168.477,0.031745,09:32:21,168.145,0.029712,09:32:57,-0.2033
320,20230418,123150,九强转债,142.218,0.025126,09:37:12,144.583,0.042173,09:39:21,1.7047
321,20230418,128095,恩捷转债,219.019,0.025348,09:41:09,218.883,0.024712,09:43:03,-0.0636
322,20230418,127039,北港转债,130.624,0.026536,09:42:51,131.017,0.029625,09:42:57,0.3089
323,20230418,123181,亚康转债,166.586,0.025129,09:46:36,167.195,0.028877,09:48:06,0.3748
324,20230418,110058,永鼎转债,133.36,0.025138,09:53:49,133.606,0.027029,09:55:25,0.1891
325,20230418,123046,天铁转债,440.831,0.029905,09:59:57,438.442,0.024324,10:00:15,-0.5581
326,20230418,113063,赛轮转债,142.85,0.025345,10:07:53,142.231,0.020902,10:09:15,-0.4443
327,20230418,123179,立高转债,138.599,0.025091,10:37:30,138.741,0.026142,10:39:15,0.1051
328,20230418,127037,银轮转债,163.673,0.025077,10:40:36,162.904,0.020261,10:41:15,-0.4816
329,20230418,123176,精测转2,166.778,0.025037,11:00:24,166.683,0.024453,11:01:15,-0.0584
330,20230418,113066,平煤转债,122.0,0.02508,11:28:38,121.501,0.020887,13:02:13,-0.4193
331,20230418,128041,盛路转债,336.98,0.026666,13:04:18,339.959,0.035742,13:05:57,0.9076
332,20230418,113576,起步转债,108.969,0.025724,14:09:49,108.442,0.020763,14:10:04,-0.4961
333,20230418,113615,金诚转债,315.863,0.027886,14:36:09,314.596,0.023763,14:36:18,-0.4123
334,20230419,123025,精测转债,233.0,0.037868,09:30:03,231.36,0.030563,09:30:15,-0.7305
335,20230419,123015,蓝盾转债,213.537,0.026616,09:30:27,215.395,0.035549,09:31:09,0.8933
336,20230419,113615,金诚转债,320.425,0.02575,09:31:35,319.0,0.021189,09:31:38,-0.4561
337,20230419,123176,精测转2,175.426,0.025278,09:31:42,175.775,0.027318,09:34:00,0.204
338,20230419,113619,世运转债,128.518,0.027104,09:32:32,128.209,0.024635,09:32:38,-0.2469
339,20230419,113646,永吉转债,158.177,0.025636,09:34:06,157.5,0.021246,09:34:24,-0.439
340,20230419,127069,小熊转债,161.467,0.026659,09:39:09,162.153,0.031021,09:40:06,0.4362
341,20230419,123173,恒锋转债,163.378,0.028213,09:40:12,163.27,0.027533,09:41:24,-0.068
342,20230419,113594,淳中转债,139.6,0.025314,09:41:26,139.333,0.023353,09:42:17,-0.1961
343,20230419,110060,天路转债,147.804,0.026238,09:48:21,147.38,0.023294,09:49:06,-0.2944
344,20230419,113597,佳力转债,140.35,0.025438,09:54:16,141.238,0.031926,09:54:46,0.6488
345,20230419,128074,游族转债,130.424,0.025215,09:54:30,129.826,0.020514,09:55:18,-0.4701
346,20230419,128049,华源转债,132.463,0.025203,10:00:15,133.45,0.032842,10:01:33,0.7639
347,20230419,123152,润禾转债,140.177,0.025195,10:07:36,140.113,0.024726,10:08:24,-0.0469
348,20230419,110058,永鼎转债,141.142,0.025301,10:36:12,141.116,0.025112,10:36:45,-0.0189
349,20230419,123031,晶瑞转债,456.312,0.025767,11:02:30,456.088,0.025263,11:03:42,-0.0504
350,20230419,128122,兴森转债,147.878,0.025555,11:18:54,147.344,0.021852,11:20:09,-0.3703
351,20230419,113595,花王转债,128.695,0.025018,13:00:48,128.494,0.023417,13:05:27,-0.1601
352,20230419,127051,博杰转债,121.06,0.02529,13:06:51,120.907,0.023994,13:07:06,-0.1296
353,20230419,118033,华特转债,149.582,0.025167,13:07:54,149.001,0.021185,13:14:20,-0.3982
354,20230419,113045,环旭转债,123.8,0.02564,13:10:46,123.36,0.021994,13:13:19,-0.3646
355,20230419,123136,城市转债,138.388,0.025074,13:48:06,137.813,0.020814,13:48:09,-0.426
356,20230419,128111,中矿转债,549.98,0.025129,14:02:09,551.709,0.028351,14:03:27,0.3222
357,20230419,110091,合力转债,164.34,0.027055,14:25:27,164.0,0.02493,14:25:43,-0.2125
358,20230420,123075,贝斯转债,127.99,0.029699,09:30:03,127.51,0.025838,09:30:15,-0.3861
359,20230420,128041,盛路转债,356.88,0.049605,09:30:03,355.19,0.044634,09:30:06,-0.4971
360,20230420,113578,全筑转债,96.0,0.025796,09:30:07,96.441,0.030508,09:30:25,0.4712
361,20230420,123015,蓝盾转债,218.214,0.033673,09:30:21,216.794,0.026947,09:30:33,-0.6726
362,20230420,113664,大元转债,155.298,0.026343,09:32:05,154.603,0.02175,09:32:14,-0.4593
363,20230420,123181,亚康转债,166.105,0.025321,09:32:36,165.922,0.024191,09:32:54,-0.113
364,20230420,113602,景20转债,129.0,0.030142,09:45:47,128.471,0.025917,09:45:50,-0.4225
365,20230420,123176,精测转2,185.121,0.025036,09:54:48,188.631,0.044471,09:56:51,1.9435
366,20230420,123025,精测转债,239.819,0.025082,09:56:27,240.338,0.027301,09:57:15,0.2219
367,20230420,123092,天壕转债,238.809,0.025361,10:04:42,238.647,0.024665,10:05:06,-0.0696
368,20230420,123031,晶瑞转债,463.16,0.026269,10:09:18,462.147,0.024025,10:10:18,-0.2244
369,20230420,128122,兴森转债,152.336,0.025239,10:23:30,151.708,0.021013,10:25:12,-0.4226
370,20230420,123013,横河转债,484.84,0.026094,10:24:12,483.466,0.023186,10:25:09,-0.2908
371,20230420,110058,永鼎转债,141.1,0.025811,10:33:26,141.217,0.026662,10:33:53,0.0851
372,20230420,128049,华源转债,134.267,0.02676,10:57:09,133.706,0.02247,10:58:21,-0.429
373,20230420,127079,华亚转债,151.396,0.02645,13:05:51,151.17,0.024918,13:06:15,-0.1532
374,20230420,110060,天路转债,159.304,0.025055,13:20:11,158.455,0.019592,13:20:20,-0.5463
375,20230420,123046,天铁转债,447.0,0.025277,13:27:33,447.222,0.025787,13:29:45,0.051
376,20230420,110091,合力转债,165.888,0.025696,13:55:54,165.095,0.020793,13:56:21,-0.4903
377,20230421,123114,三角转债,144.0,0.029528,09:30:03,143.54,0.026239,09:30:06,-0.3289
378,20230421,128095,恩捷转债,206.639,0.028072,09:30:21,206.995,0.029843,09:30:51,0.1771
379,20230421,128122,兴森转债,157.395,0.026064,09:30:24,157.927,0.029532,09:30:42,0.3468
380,20230421,123158,宙邦转债,148.092,0.028455,09:30:30,147.8,0.026427,09:30:45,-0.2028
381,20230421,110058,永鼎转债,147.86,0.027706,09:30:32,154.049,0.070723,09:31:11,4.3017
382,20230421,128074,游族转债,131.675,0.025031,09:30:39,131.282,0.021972,09:31:00,-0.3059
383,20230421,123098,一品转债,191.719,0.02514,09:31:57,192.5,0.029317,09:34:03,0.4177
384,20230421,110091,合力转债,171.385,0.027723,09:34:05,170.0,0.019418,09:34:11,-0.8305
385,20230421,127064,杭氧转债,159.613,0.025826,09:34:12,160.945,0.034387,09:35:42,0.8561
386,20230421,127014,北方转债,254.404,0.025667,09:36:54,253.39,0.021579,09:37:03,-0.4088
387,20230421,113025,明泰转债,214.635,0.026078,09:38:36,213.77,0.021943,09:38:54,-0.4135
388,20230421,123136,城市转债,137.796,0.025645,09:39:03,137.168,0.020971,09:39:15,-0.4674
389,20230421,128041,盛路转债,356.053,0.02634,09:43:06,359.972,0.037637,09:44:33,1.1297
390,20230421,123152,润禾转债,145.355,0.026574,09:45:09,145.159,0.02519,09:46:03,-0.1384
391,20230421,127084,柳工转2,123.16,0.026376,09:47:18,123.245,0.027084,09:47:42,0.0708
392,20230421,110060,天路转债,153.612,0.025249,09:57:05,152.893,0.02045,09:57:23,-0.4799
393,20230421,113598,法兰转债,178.8,0.025498,10:01:04,178.803,0.025515,10:02:16,0.0017
394,20230421,128025,特一转债,190.504,0.025903,10:24:57,192.722,0.037847,10:28:36,1.1944
395,20230421,123135,泰林转债,149.72,0.027659,10:53:36,148.821,0.021488,10:54:09,-0.6171
396,20230421,128091,新天转债,192.114,0.025704,10:54:33,191.322,0.021475,10:55:54,-0.4229
397,20230421,113039,嘉泽转债,165.0,0.028015,13:04:11,168.03,0.046894,13:04:35,1.8879
398,20230421,123013,横河转债,496.435,0.027835,13:14:33,494.295,0.023404,13:14:45,-0.4431
399,20230421,123090,三诺转债,126.044,0.025131,13:34:36,125.33,0.019324,13:35:09,-0.5807
400,20230424,110058,永鼎转债,165.865,0.048314,09:30:02,175.001,0.106057,09:30:32,5.7743
401,20230424,123152,润禾转债,144.587,0.028456,09:30:03,143.8,0.022858,09:30:18,-0.5598
402,20230424,128025,特一转债,203.0,0.035704,09:30:03,206.133,0.051689,09:31:12,1.5985
403,20230424,123135,泰林转债,149.189,0.025354,09:31:06,148.455,0.020309,09:31:15,-0.5045
404,20230424,113578,全筑转债,91.597,0.026675,09:31:19,91.151,0.021676,09:31:43,-0.4999
405,20230424,110062,烽火转债,125.209,0.026688,09:32:10,124.701,0.022523,09:32:49,-0.4165
406,20230424,110083,苏租转债,130.71,0.025182,09:35:10,130.499,0.023528,09:35:43,-0.1654
407,20230424,123131,奥飞转债,144.299,0.025574,09:36:27,143.716,0.02143,09:37:03,-0.4144
408,20230424,113039,嘉泽转债,161.27,0.026023,09:36:34,160.678,0.022257,09:37:04,-0.3766
409,20230424,118023,广大转债,123.9,0.02537,09:38:31,124.02,0.026363,09:40:13,0.0993
410,20230424,123172,漱玉转债,132.297,0.025553,09:41:54,131.625,0.020344,09:41:57,-0.5209
411,20230424,128091,新天转债,191.732,0.025315,09:51:36,191.467,0.023898,09:55:33,-0.1417
412,20230424,128053,尚荣转债,135.42,0.025122,09:53:33,135.283,0.024084,09:55:21,-0.1038
413,20230424,123150,九强转债,139.946,0.025219,09:55:36,140.501,0.029285,09:57:24,0.4066
414,20230424,110057,现代转债,142.423,0.025524,10:06:18,141.69,0.020246,10:06:33,-0.5278
415,20230424,123118,惠城转债,207.15,0.025537,10:06:24,207.02,0.024893,10:07:18,-0.0644
416,20230424,118027,宏图转债,136.8,0.026294,10:18:42,136.418,0.023429,10:19:11,-0.2865
417,20230424,128074,游族转债,132.8,0.025483,10:19:51,133.279,0.029181,10:22:18,0.3698
418,20230424,123046,天铁转债,452.793,0.025595,10:20:57,452.181,0.024209,10:22:27,-0.1386
419,20230424,127065,瑞鹄转债,148.168,0.026205,10:33:06,147.583,0.022153,10:33:33,-0.4052
420,20230424,110080,东湖转债,119.996,0.025578,10:39:35,120.783,0.032304,10:41:44,0.6726
421,20230424,127037,银轮转债,160.234,0.025291,10:49:12,159.78,0.022386,10:49:24,-0.2905
422,20230424,111007,永和转债,147.257,0.02525,10:51:42,146.623,0.020836,10:51:50,-0.4414
423,20230424,127079,华亚转债,145.318,0.026387,13:43:42,144.784,0.022615,13:44:09,-0.3772
424,20230424,113665,汇通转债,118.944,0.026513,13:45:56,118.708,0.024477,13:47:08,-0.2036
425,20230424,123015,蓝盾转债,173.14,0.026896,14:14:27,174.06,0.032352,14:14:48,0.5456
426,20230424,113576,起步转债,108.266,0.028489,14:23:42,108.106,0.026969,14:24:00,-0.152
427,20230424,113597,佳力转债,140.162,0.026407,14:24:44,140.58,0.029468,14:25:08,0.3061
428,20230425,113039,嘉泽转债,163.2,0.041753,09:30:00,164.387,0.049329,09:30:30,0.7576
429,20230425,127065,瑞鹄转债,151.008,0.029266,09:30:06,152.837,0.041732,09:30:36,1.2466
430,20230425,123015,蓝盾转债,162.81,0.030485,09:30:06,169.0,0.069664,09:30:27,3.9179
431,20230425,127014,北方转债,243.0,0.028741,09:30:21,243.829,0.032251,09:31:06,0.351
432,20230425,123176,精测转2,180.14,0.025897,09:30:27,179.226,0.020692,09:30:39,-0.5205
433,20230425,127079,华亚转债,150.69,0.029181,09:30:30,149.763,0.022849,09:30:33,-0.6332
434,20230425,123092,天壕转债,248.371,0.026243,09:30:30,247.311,0.021863,09:30:36,-0.438
435,20230425,127069,小熊转债,157.587,0.028226,09:30:48,158.027,0.031097,09:31:33,0.2871
436,20230425,123014,凯发转债,135.196,0.025618,09:31:15,134.651,0.021483,09:31:21,-0.4135
437,20230425,127064,杭氧转债,159.151,0.025496,09:31:30,159.569,0.028189,09:32:30,0.2693
438,20230425,110055,伊力转债,179.009,0.028262,09:36:34,178.473,0.025183,09:36:49,-0.3079
439,20230425,123025,精测转债,240.844,0.025265,09:38:42,241.767,0.029194,09:40:12,0.3929
440,20230425,123179,立高转债,132.6,0.026746,09:39:36,132.067,0.022619,09:40:03,-0.4127
441,20230425,123046,天铁转债,480.0,0.026006,09:42:24,477.682,0.021052,09:42:48,-0.4954
442,20230425,123072,乐歌转债,129.955,0.027272,09:51:51,129.492,0.023612,09:52:15,-0.366
443,20230425,113643,风语转债,133.23,0.02564,10:16:59,132.805,0.022369,10:17:33,-0.3271
444,20230425,113615,金诚转债,288.28,0.025211,10:50:55,286.593,0.019212,10:51:15,-0.5999
445,20230425,123098,一品转债,197.569,0.025534,11:00:27,197.679,0.026105,11:00:42,0.0571
446,20230425,128074,游族转债,140.986,0.025143,11:03:15,140.402,0.020897,11:03:30,-0.4246
447,20230425,123018,溢利转债,248.483,0.026834,13:07:30,247.64,0.02335,13:07:42,-0.3484
448,20230425,123034,通光转债,244.0,0.026904,13:33:24,245.598,0.03363,13:36:27,0.6726
449,20230425,118023,广大转债,125.18,0.025514,14:12:47,125.229,0.025916,14:14:02,0.0402
450,20230425,113634,珀莱转债,146.632,0.025127,14:33:24,148.261,0.036515,14:34:48,1.1388
451,20230426,123152,润禾转债,137.014,0.031387,09:30:03,137.693,0.036499,09:30:27,0.5112
452,20230426,123034,通光转债,251.602,0.031161,09:30:03,252.961,0.03673,09:30:39,0.5569
453,20230426,128025,特一转债,202.011,0.032413,09:30:03,206.326,0.054465,09:31:09,2.2052
454,20230426,123038,联得转债,136.465,0.027064,09:30:06,136.839,0.029879,09:30:12,0.2815
455,20230426,127058,科伦转债,185.74,0.03041,09:30:21,184.791,0.025145,09:30:30,-0.5265
456,20230426,123031,晶瑞转债,407.785,0.025598,09:31:21,409.568,0.030082,09:34:09,0.4484
457,20230426,123046,天铁转债,482.902,0.026335,09:31:24,495.563,0.053244,09:33:39,2.6909
458,20230426,123118,惠城转债,210.601,0.025824,09:32:12,210.585,0.025746,09:34:03,-0.0078
459,20230426,123135,泰林转债,140.924,0.025656,09:33:09,140.5,0.02257,09:34:45,-0.3086
460,20230426,128095,恩捷转债,180.508,0.025314,09:34:15,180.885,0.027456,09:37:33,0.2142
461,20230426,123184,天阳转债,125.775,0.025068,09:34:39,125.502,0.022843,09:37:06,-0.2225
462,20230426,113534,鼎胜转债,243.558,0.025868,09:40:13,242.454,0.021218,09:41:34,-0.465
463,20230426,110058,永鼎转债,168.801,0.026475,09:41:13,170.402,0.03621,09:42:31,0.9735
464,20230426,110052,贵广转债,149.508,0.025052,09:49:36,149.3,0.023626,09:51:57,-0.1426
465,20230426,110068,龙净转债,160.596,0.025876,09:50:24,161.1,0.029096,09:58:41,0.322
466,20230426,123165,回天转债,115.968,0.025138,09:51:12,116.2,0.027189,09:56:24,0.2051
467,20230426,127065,瑞鹄转债,151.49,0.025009,09:55:21,151.05,0.022032,09:57:21,-0.2977
468,20230426,123071,天能转债,129.864,0.026313,09:55:21,129.51,0.023515,10:03:03,-0.2798
469,20230426,113025,明泰转债,192.98,0.025174,09:56:17,192.17,0.020871,09:56:59,-0.4303
470,20230426,123092,天壕转债,237.996,0.025876,09:57:39,237.002,0.021592,09:58:24,-0.4284
471,20230426,123156,博汇转债,135.335,0.025561,09:58:24,135.105,0.023818,10:09:39,-0.1743
472,20230426,123090,三诺转债,122.458,0.025287,09:58:36,122.805,0.028193,10:06:00,0.2906
473,20230426,127036,三花转债,131.88,0.025225,09:58:42,131.744,0.024168,10:00:12,-0.1057
474,20230426,123067,斯莱转债,149.965,0.025761,09:59:21,150.787,0.031383,10:09:00,0.5622
475,20230426,127037,银轮转债,156.776,0.025008,10:00:51,156.627,0.024034,10:02:54,-0.0974
476,20230426,123150,九强转债,139.521,0.025028,10:02:09,139.398,0.024124,10:02:48,-0.0904
477,20230426,110090,爱迪转债,134.277,0.025059,10:04:39,134.073,0.023501,10:09:06,-0.1558
478,20230426,110057,现代转债,142.675,0.025086,10:06:20,142.167,0.021436,10:07:02,-0.365
479,20230426,111004,明新转债,118.623,0.025062,10:07:15,118.296,0.022237,10:29:51,-0.2825
480,20230426,123018,溢利转债,259.5,0.025682,10:07:15,258.071,0.020034,10:07:30,-0.5648
481,20230426,128111,中矿转债,510.635,0.02539,10:08:15,509.411,0.022933,10:09:06,-0.2457
482,20230426,127070,大中转债,131.28,0.025633,10:16:06,130.782,0.021742,10:18:42,-0.3891
483,20230426,111000,起帆转债,131.35,0.025419,10:16:27,131.003,0.02271,10:18:47,-0.2709
484,20230426,123158,宙邦转债,139.944,0.026022,10:35:18,140.364,0.029101,10:41:12,0.3079
485,20230426,113504,艾华转债,127.672,0.025461,10:43:18,128.334,0.030778,11:18:26,0.5317
486,20230426,128109,楚江转债,117.85,0.025285,10:44:06,117.766,0.024554,11:14:18,-0.0731
487,20230426,123185,能辉转债,121.575,0.02507,10:44:33,121.87,0.027558,11:11:48,0.2488
488,20230426,128017,金禾转债,135.981,0.02575,10:45:36,135.379,0.021209,10:48:45,-0.4541
489,20230426,110091,合力转债,160.811,0.0255,10:45:59,160.615,0.02425,10:48:38,-0.125
490,20230426,111011,冠盛转债,119.366,0.025733,10:47:24,119.154,0.023911,10:49:03,-0.1822
491,20230426,111002,特纸转债,131.853,0.025162,10:48:38,131.46,0.022106,11:06:37,-0.3056
492,20230426,123075,贝斯转债,124.592,0.025067,10:49:54,124.958,0.028078,11:10:51,0.3011
493,20230426,127081,中旗转债,121.495,0.025244,10:52:24,121.36,0.024105,10:57:06,-0.1139
494,20230426,127043,川恒转债,132.49,0.025062,10:54:15,132.611,0.025998,11:09:21,0.0936
495,20230426,123120,隆华转债,130.7,0.025116,10:55:15,130.897,0.026661,11:12:15,0.1545
496,20230426,127052,西子转债,124.112,0.025243,10:55:18,124.735,0.03039,10:58:12,0.5147
497,20230426,123121,帝尔转债,125.39,0.025178,10:55:33,126.291,0.032545,11:11:33,0.7367
498,20230426,123188,水羊转债,128.131,0.025008,10:56:42,129.075,0.03256,10:58:45,0.7552
499,20230426,113061,拓普转债,125.648,0.025174,11:01:11,125.235,0.021804,11:07:19,-0.337
500,20230426,123147,中辰转债,121.9,0.025283,11:01:33,121.695,0.023559,11:19:33,-0.1724
501,20230426,127066,科利转债,122.028,0.025216,11:04:00,122.259,0.027157,11:11:24,0.1941
502,20230426,111007,永和转债,144.55,0.026514,11:04:24,144.988,0.029624,11:06:09,0.311
503,20230426,127077,华宏转债,126.693,0.025212,11:05:54,126.34,0.022355,11:12:09,-0.2857
504,20230426,110085,通22转债,125.379,0.025127,11:06:19,124.857,0.020859,11:11:34,-0.4268
505,20230426,113016,小康转债,266.492,0.025962,11:09:14,267.692,0.030582,11:10:35,0.462
506,20230426,127038,国微转债,149.188,0.026653,11:19:21,148.73,0.023502,11:21:51,-0.3151
507,20230426,128079,英联转债,140.007,0.026175,13:07:36,139.4,0.021726,13:09:06,-0.4449
508,20230426,127084,柳工转2,123.07,0.025583,13:09:24,123.205,0.026708,13:12:36,0.1125
509,20230426,128140,润建转债,179.87,0.025065,13:16:54,179.2,0.021247,13:18:06,-0.3818
510,20230426,127073,天赐转债,122.05,0.025756,13:20:09,121.541,0.021479,13:20:39,-0.4277
511,20230426,123168,惠云转债,125.44,0.025354,13:21:09,124.99,0.021676,13:35:27,-0.3678
512,20230426,113063,赛轮转债,134.535,0.025131,13:24:56,135.227,0.030404,13:33:54,0.5273
513,20230426,127080,声迅转债,136.49,0.025077,13:25:33,136.255,0.023312,13:36:36,-0.1765
514,20230426,123089,九洲转2,124.021,0.025209,13:29:12,123.818,0.023531,14:13:00,-0.1678
515,20230426,123091,长海转债,124.97,0.025688,13:29:24,124.45,0.021421,13:42:45,-0.4267
516,20230426,128121,宏川转债,126.95,0.025471,13:31:00,126.135,0.018888,13:42:42,-0.6583
517,20230426,127064,杭氧转债,162.216,0.025149,13:31:06,162.003,0.023803,13:49:15,-0.1346
518,20230426,127029,中钢转债,168.9,0.025269,13:32:30,169.105,0.026514,13:42:03,0.1245
519,20230426,113545,金能转债,120.957,0.025088,13:33:13,120.48,0.021046,14:46:03,-0.4042
520,20230426,128074,游族转债,140.423,0.025168,13:34:33,140.039,0.022364,13:36:09,-0.2804
521,20230426,127054,双箭转债,118.173,0.025038,13:39:00,117.967,0.023251,13:52:00,-0.1787
522,20230426,128132,交建转债,125.37,0.025124,13:39:36,125.578,0.026825,13:53:42,0.1701
523,20230426,123169,正海转债,122.923,0.025201,14:02:42,123.302,0.028362,14:20:21,0.3161
524,20230426,127072,博实转债,136.531,0.026516,14:05:54,135.943,0.022095,14:07:06,-0.4421
525,20230426,123108,乐普转2,121.417,0.025011,14:09:09,121.2,0.023179,14:43:57,-0.1832
526,20230426,113039,嘉泽转债,162.582,0.025782,14:09:35,162.3,0.024002,14:10:39,-0.178
527,20230426,128056,今飞转债,129.158,0.025179,14:11:21,129.197,0.025489,14:13:15,0.031
528,20230426,128136,立讯转债,112.607,0.029778,14:38:21,112.969,0.033088,14:38:39,0.331
529,20230426,113064,东材转债,130.5,0.025511,14:51:39,130.101,0.022376,14:55:37,-0.3135
530,20230427,123181,亚康转债,156.709,0.048767,09:30:03,156.001,0.044028,09:30:09,-0.4739
531,20230427,123142,申昊转债,124.999,0.049507,09:30:03,124.271,0.043395,09:30:09,-0.6112
532,20230427,128111,中矿转债,534.0,0.025968,09:30:03,533.571,0.025144,09:30:45,-0.0824
533,20230427,127014,北方转债,234.8,0.025819,09:30:03,241.215,0.053846,09:31:57,2.8027
534,20230427,128074,游族转债,144.0,0.025637,09:30:03,142.26,0.013244,09:30:15,-1.2393
535,20230427,123038,联得转债,148.99,0.027521,09:30:15,148.886,0.026804,09:30:27,-0.0717
536,20230427,123046,天铁转债,480.186,0.027086,09:30:45,477.616,0.021589,09:30:51,-0.5497
537,20230427,123092,天壕转债,240.678,0.025032,09:31:33,241.245,0.027447,09:31:48,0.2415
538,20230427,110060,天路转债,142.494,0.026004,09:31:33,142.136,0.023426,09:31:54,-0.2578
539,20230427,127029,中钢转债,172.33,0.025826,09:31:51,172.183,0.024951,09:32:12,-0.0875
540,20230427,128132,交建转债,127.6,0.02613,09:31:51,127.446,0.024891,09:32:36,-0.1239
541,20230427,123118,惠城转债,215.232,0.028849,09:32:06,216.437,0.03461,09:33:03,0.5761
542,20230427,123176,精测转2,173.444,0.02516,09:32:36,173.627,0.026241,09:33:21,0.1081
543,20230427,123025,精测转债,230.635,0.0273,09:33:03,229.484,0.022173,09:33:12,-0.5127
544,20230427,113594,淳中转债,136.26,0.02514,09:33:20,136.93,0.03018,09:33:47,0.504
545,20230427,113621,彤程转债,146.075,0.025119,09:33:30,145.0,0.017575,09:33:36,-0.7544
546,20230427,128095,恩捷转债,190.6,0.026431,09:33:45,191.529,0.031434,09:34:18,0.5003
547,20230427,111007,永和转债,146.588,0.025211,09:35:05,147.129,0.028995,09:37:11,0.3784
548,20230427,113063,赛轮转债,137.474,0.025891,09:35:11,136.787,0.020764,09:35:51,-0.5127
549,20230427,118021,新致转债,134.6,0.025114,09:36:14,134.496,0.024321,09:38:14,-0.0793
550,20230427,127069,小熊转债,161.2,0.025434,09:37:36,161.337,0.026306,09:38:51,0.0872
551,20230427,113027,华钰转债,159.3,0.025015,09:37:48,159.8,0.028232,09:40:21,0.3217
552,20230427,123151,康医转债,119.388,0.025285,09:39:30,118.983,0.021807,09:40:24,-0.3478
553,20230427,123031,晶瑞转债,408.89,0.025261,09:41:09,407.002,0.020527,09:41:54,-0.4734
554,20230427,123188,水羊转债,131.354,0.025558,09:42:54,131.066,0.023309,09:48:42,-0.2249
555,20230427,113660,寿22转债,151.799,0.025232,09:46:21,151.5,0.023213,09:48:09,-0.2019
556,20230427,128122,兴森转债,144.048,0.025135,09:48:57,143.9,0.024081,09:49:09,-0.1054
557,20230427,127037,银轮转债,161.92,0.02634,09:58:09,161.157,0.021504,09:58:27,-0.4836
558,20230427,111011,冠盛转债,122.828,0.025119,09:58:51,122.851,0.025311,10:00:33,0.0192
559,20230427,123018,溢利转债,261.404,0.025112,09:59:15,261.816,0.026728,10:04:15,0.1616
560,20230427,113595,花王转债,117.345,0.025182,10:00:53,117.042,0.022535,10:01:27,-0.2647
561,20230427,123078,飞凯转债,148.955,0.025113,10:02:39,148.5,0.021981,10:05:51,-0.3132
562,20230427,127065,瑞鹄转债,154.804,0.025197,10:06:18,154.277,0.021707,10:07:51,-0.349
563,20230427,113619,世运转债,124.0,0.02738,10:12:04,123.37,0.022161,10:12:07,-0.5219
564,20230427,123136,城市转债,132.658,0.026768,10:13:00,132.102,0.022465,10:13:09,-0.4303
565,20230427,128140,润建转债,182.141,0.025617,10:14:54,183.586,0.033753,10:19:57,0.8136
566,20230427,113663,新化转债,129.0,0.025607,10:17:15,128.963,0.025313,10:37:43,-0.0294
567,20230427,128100,搜特转债,65.587,0.032044,10:17:15,66.896,0.052641,10:17:48,2.0597
568,20230427,123170,南电转债,136.25,0.025936,10:21:30,135.8,0.022548,10:26:12,-0.3388
569,20230427,110057,现代转债,146.135,0.026776,10:23:01,145.849,0.024766,10:25:22,-0.201
570,20230427,113530,大丰转债,127.098,0.025344,10:23:42,127.0,0.024554,10:28:56,-0.079
571,20230427,113582,火炬转债,179.189,0.025732,10:28:13,180.876,0.035389,10:30:07,0.9657
572,20230427,113648,巨星转债,137.951,0.025307,10:29:27,137.448,0.021569,10:31:28,-0.3738
573,20230427,118030,睿创转债,151.534,0.025125,10:35:24,151.151,0.022534,10:37:09,-0.2591
574,20230427,128025,特一转债,209.47,0.025809,10:38:06,209.734,0.027102,10:39:36,0.1293
575,20230427,123098,一品转债,202.699,0.025199,10:47:18,201.872,0.021016,10:48:21,-0.4183
576,20230427,118025,奕瑞转债,121.57,0.025511,10:51:16,122.33,0.031922,11:24:19,0.6411
577,20230427,118032,建龙转债,128.737,0.025096,10:55:50,128.22,0.020979,10:57:39,-0.4117
578,20230427,113578,全筑转债,89.148,0.025286,11:07:44,89.046,0.024113,11:07:53,-0.1173
579,20230427,113563,柳药转债,129.818,0.025324,11:09:06,129.53,0.023049,11:14:16,-0.2275
580,20230427,128091,新天转债,187.97,0.025218,11:10:30,187.696,0.023723,11:22:54,-0.1495
581,20230427,128030,天康转债,214.995,0.027176,11:14:06,213.864,0.021773,11:14:09,-0.5403
582,20230427,127028,英特转债,131.764,0.025663,11:18:12,131.452,0.023234,11:25:57,-0.2429
583,20230427,127064,杭氧转债,166.469,0.0256,13:07:57,167.212,0.030177,13:09:15,0.4577
584,20230427,113537,文灿转债,231.49,0.02523,13:08:49,233.502,0.03414,13:14:46,0.891
585,20230427,128053,尚荣转债,134.72,0.025411,13:15:48,134.146,0.021042,13:16:12,-0.4369
586,20230427,110055,伊力转债,183.288,0.025307,13:31:24,184.737,0.033413,13:35:24,0.8106
587,20230427,111005,富春转债,125.698,0.025075,13:50:00,125.7,0.025091,13:53:29,0.0016
588,20230427,113615,金诚转债,297.88,0.025334,13:51:04,297.73,0.024817,13:52:09,-0.0517
589,20230427,127058,科伦转债,191.695,0.025143,13:51:24,191.525,0.024234,13:55:09,-0.0909
590,20230427,113057,中银转债,125.31,0.025468,13:52:48,124.569,0.019404,13:54:10,-0.6064
591,20230427,110061,川投转债,166.45,0.025154,14:21:01,166.013,0.022462,14:26:03,-0.2692
592,20230427,118012,微芯转债,138.89,0.025015,14:28:33,139.02,0.025974,14:30:03,0.0959
593,20230427,128041,盛路转债,333.051,0.025583,14:36:51,331.136,0.019686,14:37:00,-0.5897
594,20230427,118013,道通转债,120.22,0.025266,14:43:42,119.984,0.023253,14:47:12,-0.2013
595,20230428,118033,华特转债,136.98,0.026092,09:30:00,136.27,0.020773,09:30:06,-0.5319
596,20230428,118013,道通转债,122.85,0.026994,09:30:00,122.3,0.022397,09:30:03,-0.4597
597,20230428,110055,伊力转债,196.21,0.068208,09:30:00,194.988,0.061555,09:30:06,-0.6653
598,20230428,127046,百润转债,128.8,0.037044,09:30:03,127.001,0.02256,09:30:06,-1.4484
599,20230428,113626,伯特转债,200.2,0.027511,09:30:03,199.387,0.023339,09:30:14,-0.4172
600,20230428,128100,搜特转债,69.3,0.056136,09:30:03,68.799,0.048501,09:30:12,-0.7635
601,20230428,118030,睿创转债,155.786,0.026598,09:30:07,157.278,0.03643,09:30:14,0.9832
602,20230428,110058,永鼎转债,149.069,0.025547,09:30:12,148.436,0.021192,09:30:18,-0.4355
603,20230428,113621,彤程转债,150.523,0.025803,09:30:36,150.055,0.022613,09:30:59,-0.319
604,20230428,113537,文灿转债,238.321,0.026156,09:31:01,237.992,0.024739,09:31:19,-0.1417
605,20230428,113578,全筑转债,89.3,0.025924,09:31:02,90.399,0.03855,09:31:38,1.2626
606,20230428,123176,精测转2,173.124,0.025446,09:31:03,172.712,0.023006,09:31:30,-0.244
607,20230428,113016,小康转债,264.242,0.025267,09:31:17,263.851,0.02375,09:32:11,-0.1517
608,20230428,128140,润建转债,189.132,0.02506,09:31:42,188.682,0.022621,09:32:12,-0.2439
609,20230428,128122,兴森转债,146.093,0.026127,09:32:00,147.441,0.035595,09:32:51,0.9468
610,20230428,110052,贵广转债,154.653,0.025602,09:32:00,156.341,0.036796,09:34:18,1.1194
611,20230428,127084,柳工转2,126.996,0.025028,09:33:36,126.533,0.021291,09:34:39,-0.3737
612,20230428,123164,法本转债,148.775,0.026041,09:35:12,148.21,0.022145,09:36:09,-0.3896
613,20230428,123031,晶瑞转债,414.489,0.025987,09:38:18,412.816,0.021846,09:38:42,-0.4141
614,20230428,113594,淳中转债,139.36,0.02505,09:39:33,139.282,0.024476,09:41:07,-0.0574
615,20230428,123170,南电转债,137.678,0.025936,09:40:42,137.642,0.025667,09:44:48,-0.0269
616,20230428,127079,华亚转债,138.9,0.025995,09:42:30,139.202,0.028225,09:44:18,0.223
617,20230428,123078,飞凯转债,149.524,0.025506,09:42:48,150.368,0.031295,09:44:42,0.5789
618,20230428,113024,核建转债,124.16,0.025266,09:48:38,123.9,0.023119,09:48:50,-0.2147
619,20230428,123025,精测转债,230.734,0.025496,09:48:48,230.872,0.026109,09:49:33,0.0613
620,20230428,110062,烽火转债,124.46,0.026599,09:51:50,124.19,0.024372,09:54:29,-0.2227
621,20230428,123181,亚康转债,155.9,0.025278,09:52:24,158.139,0.040002,09:55:42,1.4724
622,20230428,110053,苏银转债,130.179,0.025237,09:52:26,130.058,0.024284,10:00:05,-0.0953
623,20230428,111010,立昂转债,136.718,0.025079,09:54:56,136.76,0.025394,09:59:30,0.0315
624,20230428,127014,北方转债,244.0,0.025173,10:10:15,246.868,0.037223,10:12:15,1.205
625,20230428,118021,新致转债,138.44,0.025592,10:32:39,138.603,0.0268,10:38:05,0.1208
626,20230428,128074,游族转债,142.297,0.02519,10:32:54,141.66,0.0206,10:34:06,-0.459
627,20230428,123173,恒锋转债,147.407,0.025431,10:33:21,147.9,0.028861,10:39:24,0.343
628,20230428,127029,中钢转债,177.678,0.025233,10:50:36,177.213,0.02255,10:53:36,-0.2683
629,20230428,127007,湖广转债,133.773,0.02514,10:52:51,135.36,0.037301,11:15:33,1.2161
630,20230428,110060,天路转债,142.458,0.025275,11:03:02,142.619,0.026433,11:04:06,0.1158
631,20230428,123138,丝路转债,131.516,0.025109,11:07:09,131.123,0.022045,11:15:09,-0.3064
632,20230428,123184,天阳转债,130.433,0.025045,11:10:54,130.206,0.023261,11:15:15,-0.1784
633,20230428,113595,花王转债,118.666,0.025132,13:03:07,118.884,0.027016,13:04:07,0.1884
634,20230428,123054,思特转债,135.51,0.025076,13:13:12,134.992,0.021157,13:20:45,-0.3919
635,20230428,123059,银信转债,129.698,0.025213,13:14:18,129.312,0.022162,13:17:21,-0.3051
636,20230428,123140,天地转债,140.902,0.025008,13:16:00,140.33,0.020847,13:22:48,-0.4161
637,20230428,113643,风语转债,134.0,0.025263,13:20:26,133.477,0.021262,13:24:19,-0.4001
638,20230428,123092,天壕转债,245.99,0.027589,13:22:36,244.95,0.023244,13:22:39,-0.4345
639,20230428,110044,广电转债,202.475,0.025106,13:26:03,201.691,0.021136,13:31:03,-0.397
640,20230428,123156,博汇转债,139.816,0.025048,13:33:39,139.186,0.020429,13:58:18,-0.4619
641,20230428,123136,城市转债,132.632,0.025876,13:35:09,132.431,0.024321,13:37:12,-0.1555
642,20230428,127083,山路转债,120.6,0.025398,14:03:21,121.321,0.031528,14:21:21,0.613
643,20230428,128070,智能转债,133.096,0.025175,14:10:15,133.174,0.025776,14:15:39,0.0601
644,20230428,128044,岭南转债,123.44,0.025293,14:29:33,123.331,0.024388,14:47:03,-0.0905
645,20230428,123142,申昊转债,123.932,0.025113,14:42:21,124.319,0.028314,14:50:12,0.3201
646,20230428,118027,宏图转债,142.1,0.027643,14:47:47,141.769,0.025249,14:48:50,-0.2394
